dataset,species,mean_relative_concentration,std_relative_concentration,mean_concentration_score,mean_peak_assignments,n_groups
air,N2,0.7934433963411159,0.0845833242095682,0.0003034802111488792,4.333333333333333,3
air,N2+,0.16077136100285735,0.07731964952021557,4.2941198625568874e-05,1.3333333333333333,3
air,OH,0.08288961906540909,0.0,1.618177457304077e-05,1.0,1
air,O I,0.032926975833582,0.0,2.3678379697144778e-05,1.0,1
air,O II,0.02153913306908892,0.0,1.5489177437214177e-05,1.0,1
