dataset,param_set,channel,N2,N2+,O I,O II,OH,group_label
air,100H.cont.trial,bulk,0.7051140643654105,0.21199631656918053,0.0,0.0,0.08288961906540909,air | 100H.cont.trial | bulk
air,1H.1A-CONT,bulk,0.8015139413549773,0.19848605864502272,0.0,0.0,0.0,air | 1H.1A-CONT | bulk
air,1H.9A,bulk,0.8737021833029602,0.07183170779436884,0.032926975833582,0.02153913306908892,0.0,air | 1H.9A | bulk
