dataset,param_set,channel,group_label,species,relative_concentration,concentration_score
air,100H.cont.trial,bulk,air | 100H.cont.trial | bulk,N2,0.7051140643654105,0.00013765290474839655
air,100H.cont.trial,bulk,air | 100H.cont.trial | bulk,N2+,0.21199631656918053,4.1386082403520774e-05
air,100H.cont.trial,bulk,air | 100H.cont.trial | bulk,OH,0.08288961906540909,1.618177457304077e-05
air,1H.1A-CONT,bulk,air | 1H.1A-CONT | bulk,N2,0.8015139413549773,0.0001444927968152931
air,1H.1A-CONT,bulk,air | 1H.1A-CONT | bulk,N2+,0.19848605864502272,3.578204228610143e-05
air,1H.9A,bulk,air | 1H.9A | bulk,N2,0.8737021833029602,0.000628294931882948
air,1H.9A,bulk,air | 1H.9A | bulk,N2+,0.07183170779436884,5.1655471187084405e-05
air,1H.9A,bulk,air | 1H.9A | bulk,O I,0.032926975833582,2.3678379697144778e-05
