dataset,species,mean_relative_concentration,std_relative_concentration,mean_concentration_score,mean_peak_assignments,n_groups
air,N2,0.7022558029266607,0.09776950848758557,0.00029755997197132745,4.0,4
air,N2+,0.24992386349894286,0.06395285568572914,9.596696967633686e-05,1.25,4
air,OH,0.06376044476586194,0.014439677742970853,2.173681948209936e-05,1.0,3
