,explained_variance,explained_variance_ratio
PC1,1014.7165394849618,0.7156342729591197
PC2,403.20959656935077,0.2843657270408803
PC3,4.583343861741264e-29,3.2324278008552784e-32
