,explained_variance,explained_variance_ratio
PC1,6538.435398628797,0.9999342011663505
PC2,0.43024973305329134,6.579883364954588e-05
PC3,1.9427622527663035e-28,2.9710998164536597e-32
