dataset,param_set,channel,no_gamma_area__mean,no_gamma_area__std,oh_309_area__mean,oh_309_area__std,n2_315_area__mean,n2_315_area__std,n2_337_area__mean,n2_337_area__std,n2_357_area__mean,n2_357_area__std,n2_380_area__mean,n2_380_area__std,n2plus_391_area__mean,n2plus_391_area__std,n2plus_427_area__mean,n2plus_427_area__std,hgamma_434_area__mean,hgamma_434_area__std,hbeta_486_area__mean,hbeta_486_area__std,uvc_continuum_area__mean,uvc_continuum_area__std,n2_sps_total_area__mean,n2_sps_total_area__std,n2plus_total_area__mean,n2plus_total_area__std,balmer_total_area__mean,balmer_total_area__std,oh_to_n2_337_ratio__mean,oh_to_n2_337_ratio__std,n2_337_to_n2plus_391_ratio__mean,n2_337_to_n2plus_391_ratio__std,n2_sps_to_n2plus_ratio__mean,n2_sps_to_n2plus_ratio__std,no_gamma_to_oh_ratio__mean,no_gamma_to_oh_ratio__std,uvc_to_n2_337_ratio__mean,uvc_to_n2_337_ratio__std,balmer_to_n2plus_ratio__mean,balmer_to_n2plus_ratio__std
air,100H.cont.trial,bulk,4.6833053e-05,,6.4134025e-05,,9.4944815e-05,,0.00031631850800000003,,0.00019272758000000003,,8.1679265e-06,,0.00025149209,,3.8933149999999994e-07,,3.8968975000000004e-07,,2.8061325e-07,,0.00030012228099999996,,0.0006121588295000001,,0.00025188142149999997,,6.70303e-07,,0.20275141472278313,,1.2577672244085294,,2.4303453023826935,,0.730237233668088,,0.9487977257404108,,0.002661184759114916,
air,1H.1A-CONT,bulk,6.8780743e-05,,0.00010597012499999999,,0.0001595628,,0.00041232641999999997,,0.000218651955,,4.645533200000001e-05,,0.00026026435,,2.92124755e-05,,1.11699815e-06,,2.8061300000000005e-07,,0.000468981623,,0.000836996507,,0.00028947682550000005,,1.39761115e-06,,0.2570054206082647,,1.5842600801838589,,2.891411101922561,,0.6490578641857788,,1.1374037661714718,,0.004828058852676618,
air,1H.9A,bulk,7.3483643e-05,,0.00022415148999999998,,0.00063168675,,0.00143911405,,0.000931391,,0.000342946705,,0.00029384725000000005,,2.6703962e-05,,5.56434e-07,,2.8065735e-07,,0.004314963044999998,,0.003345138505,,0.00032055121200000005,,8.3709135e-07,,0.15575658510178536,,4.89749027768679,,10.435582146543247,,0.3278302678246752,,2.9983468266465736,,0.0026114122132846586,
