,explained_variance,explained_variance_ratio
PC1,424.3278286143808,0.6314878226201275
PC2,247.6215161153209,0.36851217737987246
PC3,2.3217043690866574e-29,3.4551776667340694e-32
