dataset,species,mean_relative_concentration,std_relative_concentration,mean_concentration_score,mean_peak_assignments,n_groups
diameter,N2,0.7385321895111115,0.13891250610468417,0.00023164942872169183,4.571428571428571,7
diameter,N2+,0.25523409717838674,0.13695393740255024,7.358265609898821e-05,1.4285714285714286,7
diameter,O II,0.006621478769710572,0.0033265826138004235,2.509614139505371e-06,1.0,2
diameter,OH,0.006078607126818288,0.0053510420512492855,1.9271408362151426e-06,1.0,5
